{"stats":{"minecraft:mined":{"minecraft:diamond_ore":2,"minecraft:tuff":13,"minecraft:white_bed":4,"minecraft:farmland":48,"minecraft:deepslate_diamond_ore":51,"minecraft:obsidian":5,"minecraft:granite":12,"minecraft:grass_block":3610,"minecraft:composter":3,"minecraft:kelp":9,"minecraft:sandstone":8,"minecraft:hay_block":21,"minecraft:redstone_ore":2,"minecraft:furnace":1,"minecraft:carrots":11,"minecraft:iron_ore":86,"minecraft:cobbled_deepslate":26,"minecraft:andesite":29,"minecraft:polished_deepslate":53,"minecraft:potatoes":7,"minecraft:deepslate_iron_ore":93,"minecraft:dirt_path":46,"minecraft:rail":1,"minecraft:oak_stairs":1,"minecraft:stone":765,"minecraft:smithing_table":1,"minecraft:deepslate_redstone_ore":5,"minecraft:oak_slab":13,"minecraft:smoker":1,"minecraft:crimson_nylium":1,"minecraft:polished_deepslate_stairs":31,"minecraft:cornflower":2,"minecraft:dandelion":1,"minecraft:oak_fence":1,"minecraft:crafting_table":5,"minecraft:torch":5,"minecraft:poppy":1,"minecraft:lectern":10,"minecraft:chest":6,"minecraft:copper_ore":6,"minecraft:tall_grass":24,"minecraft:glass":1,"minecraft:cobblestone":68,"minecraft:lapis_ore":6,"minecraft:sugar_cane":5,"minecraft:oak_planks":75,"minecraft:diorite":56,"minecraft:wall_torch":3,"minecraft:birch_log":104,"minecraft:wheat":13,"minecraft:birch_leaves":3,"minecraft:yellow_bed":2,"minecraft:grass":189,"minecraft:oak_log":300,"minecraft:coal_ore":47,"minecraft:beetroots":3,"minecraft:oak_fence_gate":11,"minecraft:gravel":47,"minecraft:sand":1331,"minecraft:dirt":2681,"minecraft:stonecutter":2,"minecraft:netherrack":5,"minecraft:oak_leaves":77,"minecraft:deepslate":1601},"minecraft:killed":{"minecraft:spider":1,"minecraft:skeleton":7,"minecraft:creeper":2,"minecraft:sheep":3,"minecraft:zombie":3},"minecraft:dropped":{"minecraft:lapis_lazuli":9,"minecraft:oak_slab":1,"minecraft:wheat_seeds":2,"minecraft:baked_potato":1,"minecraft:book":2,"minecraft:dirt":69,"minecraft:torch":1,"minecraft:iron_pickaxe":1,"minecraft:string":320,"minecraft:bucket":1,"minecraft:bone":1,"minecraft:dandelion":5,"minecraft:gravel":1,"minecraft:cobbled_deepslate":512,"minecraft:obsidian":3,"minecraft:white_bed":1,"minecraft:poppy":1,"minecraft:diamond_pickaxe":2,"minecraft:beetroot_seeds":1,"minecraft:arrow":1,"minecraft:wooden_pickaxe":1},"minecraft:crafted":{"minecraft:oak_planks":888,"minecraft:cobblestone_slab":6,"minecraft:stone_shovel":6,"minecraft:oak_sign":3,"minecraft:polished_deepslate_wall":162,"minecraft:polished_deepslate_stairs":184,"minecraft:furnace":4,"minecraft:diamond_shovel":2,"minecraft:bookshelf":1,"minecraft:oak_trapdoor":4,"minecraft:glass":16,"minecraft:diamond_helmet":1,"minecraft:diamond_leggings":1,"minecraft:iron_boots":1,"minecraft:polished_deepslate":1408,"minecraft:iron_axe":2,"minecraft:ladder":12,"minecraft:iron_hoe":1,"minecraft:birch_fence_gate":59,"minecraft:stone_pickaxe":3,"minecraft:chest":21,"minecraft:diamond_boots":1,"minecraft:birch_sign":33,"minecraft:smoker":1,"minecraft:wheat":189,"minecraft:oak_slab":144,"minecraft:emerald":129,"minecraft:crafting_table":10,"minecraft:iron_helmet":1,"minecraft:wooden_pickaxe":1,"minecraft:baked_potato":10,"minecraft:iron_sword":1,"minecraft:copper_ingot":27,"minecraft:birch_planks":416,"minecraft:bucket":3,"minecraft:stone_axe":2,"minecraft:enchanted_book":2,"minecraft:bread":63,"minecraft:air":0,"minecraft:oak_fence_gate":72,"minecraft:oak_boat":1,"minecraft:iron_chestplate":2,"minecraft:diamond_pickaxe":3,"minecraft:shield":2,"minecraft:stick":624,"minecraft:iron_ingot":18,"minecraft:iron_pickaxe":6,"minecraft:iron_shovel":3,"minecraft:iron_leggings":1,"minecraft:torch":44},"minecraft:picked_up":{"minecraft:charcoal":14,"minecraft:crafting_table":5,"minecraft:iron_chestplate":1,"minecraft:wheat":2,"minecraft:smithing_table":1,"minecraft:wooden_pickaxe":2,"minecraft:enchanted_book":2,"minecraft:shield":3,"minecraft:cornflower":5,"minecraft:polished_deepslate":51,"minecraft:string":1145,"minecraft:raw_copper":21,"minecraft:iron_leggings":1,"minecraft:beetroot":2,"minecraft:cobbled_deepslate":2909,"minecraft:bucket":1,"minecraft:oak_boat":22,"minecraft:lectern":11,"minecraft:poppy":2,"minecraft:iron_pickaxe":1,"minecraft:minecart":6,"minecraft:sugar_cane":10,"minecraft:chest":6,"minecraft:birch_sapling":20,"minecraft:furnace":1,"minecraft:iron_boots":1,"minecraft:egg":5,"minecraft:stick":37,"minecraft:raw_iron":224,"minecraft:sandstone":8,"minecraft:polished_deepslate_stairs":30,"minecraft:composter":3,"minecraft:oak_fence":1,"minecraft:torch":21,"minecraft:diorite":56,"minecraft:carrot":28,"minecraft:redstone":34,"minecraft:arrow":7,"minecraft:rotten_flesh":5,"minecraft:beetroot_seeds":9,"minecraft:hay_block":21,"minecraft:obsidian":3,"minecraft:mutton":5,"minecraft:rail":25,"minecraft:white_wool":2,"minecraft:cobblestone":833,"minecraft:birch_log":104,"minecraft:andesite":33,"minecraft:smoker":1,"minecraft:potato":7,"minecraft:tuff":12,"minecraft:oak_log":300,"minecraft:yellow_bed":2,"minecraft:lapis_lazuli":100,"minecraft:dirt":5551,"minecraft:cooked_mutton":10,"minecraft:bone":4,"minecraft:bow":6,"minecraft:apple":13,"minecraft:kelp":8,"minecraft:stonecutter":2,"minecraft:wheat_seeds":68,"minecraft:iron_ingot":35,"minecraft:stone_pickaxe":2,"minecraft:oak_fence_gate":10,"minecraft:iron_sword":1,"minecraft:oak_planks":168,"minecraft:book":4,"minecraft:oak_slab":11,"minecraft:dandelion":12,"minecraft:gravel":41,"minecraft:sand":1301,"minecraft:white_bed":5,"minecraft:diamond":56,"minecraft:stone_axe":2,"minecraft:iron_helmet":1,"minecraft:granite":12,"minecraft:gray_wool":1,"minecraft:emerald":7,"minecraft:baked_potato":93,"minecraft:oak_sapling":49,"minecraft:netherrack":2,"minecraft:coal":110,"minecraft:diamond_pickaxe":2},"minecraft:custom":{"minecraft:interact_with_anvil":5,"minecraft:mob_kills":16,"minecraft:interact_with_crafting_table":88,"minecraft:leave_game":15,"minecraft:time_since_death":297641,"minecraft:climb_one_cm":5182,"minecraft:sprint_one_cm":848406,"minecraft:walk_one_cm":1574154,"minecraft:damage_blocked_by_shield":1410,"minecraft:drop":73,"minecraft:talked_to_villager":92,"minecraft:play_time":416204,"minecraft:sneak_time":21839,"minecraft:deaths":4,"minecraft:walk_under_water_one_cm":70752,"minecraft:boat_one_cm":31124,"minecraft:jump":6285,"minecraft:walk_on_water_one_cm":60923,"minecraft:total_world_time":416204,"minecraft:interact_with_furnace":27,"minecraft:traded_with_villager":135,"minecraft:sleep_in_bed":22,"minecraft:time_since_rest":3230,"minecraft:damage_taken":3117,"minecraft:minecart_one_cm":17,"minecraft:damage_dealt":2721,"minecraft:swim_one_cm":218545,"minecraft:fly_one_cm":1360905,"minecraft:open_chest":133,"minecraft:crouch_one_cm":72679,"minecraft:interact_with_smoker":4,"minecraft:fall_one_cm":122640},"minecraft:used":{"minecraft:oak_trapdoor":3,"minecraft:iron_shovel":741,"minecraft:polished_deepslate":1003,"minecraft:stone_shovel":810,"minecraft:ladder":12,"minecraft:oak_sign":1,"minecraft:chest":27,"minecraft:shield":62,"minecraft:iron_sword":50,"minecraft:torch":20,"minecraft:dirt":1603,"minecraft:mutton":2,"minecraft:carrot":28,"minecraft:tuff":1,"minecraft:granite":2,"minecraft:oak_fence_gate":56,"minecraft:polished_deepslate_stairs":180,"minecraft:glass":10,"minecraft:iron_hoe":108,"minecraft:bookshelf":1,"minecraft:iron_axe":351,"minecraft:polished_deepslate_wall":120,"minecraft:iron_helmet":1,"minecraft:oak_sapling":1,"minecraft:furnace":3,"minecraft:minecart":5,"minecraft:egg":2,"minecraft:cobbled_deepslate":94,"minecraft:cooked_mutton":6,"minecraft:water_bucket":84,"minecraft:diorite":14,"minecraft:glass_bottle":1,"minecraft:stone_pickaxe":229,"minecraft:baked_potato":44,"minecraft:oak_planks":266,"minecraft:wooden_pickaxe":11,"minecraft:sandstone":2,"minecraft:stonecutter":1,"minecraft:composter":2,"minecraft:sugar_cane":10,"minecraft:cobblestone_slab":3,"minecraft:sand":6,"minecraft:rail":6,"minecraft:birch_sign":11,"minecraft:oak_slab":154,"minecraft:crafting_table":12,"minecraft:white_bed":4,"minecraft:smoker":1,"minecraft:oak_log":4,"minecraft:diamond_pickaxe":1298,"minecraft:diamond_shovel":6302,"minecraft:string":2,"minecraft:bread":31,"minecraft:iron_pickaxe":1484,"minecraft:lectern":11,"minecraft:gravel":24,"minecraft:stone_axe":233,"minecraft:potion":1,"minecraft:cobblestone":100,"minecraft:andesite":23,"minecraft:bucket":85,"minecraft:yellow_bed":2,"minecraft:oak_boat":22},"minecraft:killed_by":{"minecraft:spider":1,"minecraft:skeleton":1,"minecraft:zombie":1},"minecraft:broken":{"minecraft:iron_shovel":2,"minecraft:stone_pickaxe":1,"minecraft:diamond_shovel":1,"minecraft:iron_axe":1,"minecraft:stone_axe":1,"minecraft:iron_pickaxe":5,"minecraft:stone_shovel":6}},"DataVersion":3463}