{"stats":{"minecraft:killed":{"minecraft:horse":2,"minecraft:sheep":6,"minecraft:zombie":4,"minecraft:pig":5,"minecraft:chicken":2,"minecraft:spider":1,"minecraft:cow":2},"minecraft:used":{"minecraft:apple":3,"minecraft:wooden_sword":71,"minecraft:dirt":8,"minecraft:crafting_table":1,"minecraft:oak_sapling":1,"minecraft:porkchop":1},"minecraft:custom":{"minecraft:time_since_rest":6849,"minecraft:sprint_one_cm":36325,"minecraft:damage_taken":545,"minecraft:walk_one_cm":40197,"minecraft:mob_kills":23,"minecraft:drop":43,"minecraft:damage_dealt":2681,"minecraft:swim_one_cm":1754,"minecraft:interact_with_crafting_table":2,"minecraft:fly_one_cm":222811,"minecraft:crouch_one_cm":492,"minecraft:play_time":16910,"minecraft:walk_under_water_one_cm":248,"minecraft:deaths":2,"minecraft:sneak_time":312,"minecraft:jump":486,"minecraft:leave_game":3,"minecraft:walk_on_water_one_cm":598,"minecraft:time_since_death":6825,"minecraft:total_world_time":16910,"minecraft:fall_one_cm":13136,"minecraft:horse_one_cm":2831},"minecraft:broken":{"minecraft:wooden_sword":1},"minecraft:killed_by":{"minecraft:zombie":2},"minecraft:picked_up":{"minecraft:stick":3,"minecraft:feather":2,"minecraft:azure_bluet":2,"minecraft:chicken":2,"minecraft:leather":4,"minecraft:porkchop":9,"minecraft:oak_log":2,"minecraft:dirt":6,"minecraft:wooden_sword":2,"minecraft:rotten_flesh":3,"minecraft:apple":4,"minecraft:orange_tulip":4,"minecraft:wheat_seeds":9,"minecraft:beef":12,"minecraft:white_tulip":3,"minecraft:oak_sapling":4,"minecraft:mutton":9,"minecraft:white_wool":36,"minecraft:sunflower":1},"minecraft:dropped":{"minecraft:white_tulip":3,"minecraft:wheat_seeds":3,"minecraft:orange_tulip":2,"minecraft:rotten_flesh":1,"minecraft:sunflower":1,"minecraft:beef":6,"minecraft:white_wool":30},"minecraft:mined":{"minecraft:orange_tulip":2,"minecraft:azure_bluet":3,"minecraft:cornflower":1,"minecraft:short_grass":43,"minecraft:grass_block":2,"minecraft:oak_log":2,"minecraft:sunflower":3,"minecraft:dirt":3,"minecraft:pink_tulip":1,"minecraft:tall_grass":16,"minecraft:white_tulip":3,"minecraft:oak_leaves":11},"minecraft:crafted":{"minecraft:wooden_sword":1,"minecraft:oak_planks":8,"minecraft:crafting_table":1,"minecraft:stick":4}},"DataVersion":3700}