{"stats":{"minecraft:mined":{"minecraft:spruce_planks":9,"minecraft:white_bed":4,"minecraft:oak_sapling":3,"minecraft:farmland":51,"minecraft:cobblestone_stairs":14,"minecraft:brewing_stand":1,"minecraft:obsidian":10,"minecraft:spruce_trapdoor":3,"minecraft:granite":6,"minecraft:grass_block":61,"minecraft:yellow_carpet":4,"minecraft:composter":2,"minecraft:spawner":1,"minecraft:tall_seagrass":2,"minecraft:magma_block":2,"minecraft:iron_ore":30,"minecraft:cobbled_deepslate":8,"minecraft:fire":6,"minecraft:deepslate_lapis_ore":9,"minecraft:fletching_table":42,"minecraft:dirt_path":254,"minecraft:oak_stairs":164,"minecraft:tripwire":8,"minecraft:deepslate_redstone_ore":9,"minecraft:smoker":1,"minecraft:torch":4,"minecraft:blast_furnace":5,"minecraft:calcite":2,"minecraft:poppy":1,"minecraft:cobblestone":244,"minecraft:grindstone":1,"minecraft:oak_planks":242,"minecraft:sugar_cane":1059,"minecraft:wall_torch":2,"minecraft:amethyst_block":2,"minecraft:wheat":102,"minecraft:grass":144,"minecraft:oak_log":378,"minecraft:beetroots":13,"minecraft:oak_fence_gate":4,"minecraft:sand":54,"minecraft:dirt":113,"minecraft:tripwire_hook":2,"minecraft:stonecutter":2,"minecraft:oak_leaves":387,"minecraft:deepslate":159,"minecraft:deepslate_tiles":2,"minecraft:tuff":29,"minecraft:mossy_cobblestone":36,"minecraft:deepslate_diamond_ore":9,"minecraft:oak_door":3,"minecraft:lever":1,"minecraft:spruce_leaves":8,"minecraft:cartography_table":1,"minecraft:hay_block":9,"minecraft:redstone_ore":4,"minecraft:oak_trapdoor":26,"minecraft:spruce_sapling":1,"minecraft:furnace":3,"minecraft:carrots":32,"minecraft:andesite":2,"minecraft:stripped_spruce_log":12,"minecraft:bell":4,"minecraft:bookshelf":3,"minecraft:potatoes":146,"minecraft:cobblestone_slab":2,"minecraft:deepslate_iron_ore":57,"minecraft:rail":563,"minecraft:stripped_oak_log":9,"minecraft:stone":435,"minecraft:smithing_table":1,"minecraft:oak_slab":15,"minecraft:glass_pane":11,"minecraft:dandelion":1,"minecraft:crafting_table":7,"minecraft:oak_fence":64,"minecraft:lectern":192,"minecraft:stone_slab":9,"minecraft:copper_ore":21,"minecraft:tall_grass":7,"minecraft:deepslate_gold_ore":8,"minecraft:diorite":8,"minecraft:white_carpet":4,"minecraft:spruce_log":611,"minecraft:yellow_bed":2,"minecraft:coal_ore":20,"minecraft:gravel":140,"minecraft:cobweb":35,"minecraft:gold_ore":1},"minecraft:killed":{"minecraft:cave_spider":2,"minecraft:spider":4,"minecraft:cod":1,"minecraft:skeleton":5,"minecraft:chicken":7,"minecraft:cat":1,"minecraft:piglin":1,"minecraft:iron_golem":2,"minecraft:creeper":5,"minecraft:sheep":6,"minecraft:trader_llama":4,"minecraft:zombie":24,"minecraft:cow":2,"minecraft:horse":1,"minecraft:wandering_trader":1,"minecraft:villager":1,"minecraft:enderman":1},"minecraft:dropped":{"minecraft:lapis_lazuli":59,"minecraft:oak_pressure_plate":1,"minecraft:baked_potato":70,"minecraft:diamond":3,"minecraft:crafting_table":1,"minecraft:lantern":8,"minecraft:leather":2,"minecraft:saddle":1,"minecraft:rail":24,"minecraft:emerald":7,"minecraft:flint":2,"minecraft:cobblestone_stairs":20,"minecraft:dirt":21,"minecraft:mutton":11,"minecraft:sand":17,"minecraft:iron_pickaxe":1,"minecraft:bone":1,"minecraft:oak_door":3,"minecraft:gravel":16,"minecraft:stone_axe":81,"minecraft:compass":13,"minecraft:sugar_cane":129,"minecraft:cobbled_deepslate":25,"minecraft:obsidian":3,"minecraft:beetroot":2,"minecraft:rotten_flesh":10,"minecraft:oak_planks":25,"minecraft:diamond_shovel":3,"minecraft:cooked_mutton":6,"minecraft:carrot":13,"minecraft:poppy":6,"minecraft:oak_fence_gate":4,"minecraft:deepslate_tiles":6,"minecraft:gunpowder":3,"minecraft:beetroot_seeds":26,"minecraft:arrow":106,"minecraft:glass":32,"minecraft:lectern":2,"minecraft:egg":4,"minecraft:enchanted_book":2,"minecraft:iron_ingot":51,"minecraft:oak_slab":5,"minecraft:wheat_seeds":147,"minecraft:mossy_cobblestone":43,"minecraft:minecart":1,"minecraft:poisonous_potato":1,"minecraft:iron_helmet":1,"minecraft:oak_fence":7,"minecraft:feather":6,"minecraft:cobblestone":67,"minecraft:book":4,"minecraft:amethyst_block":2,"minecraft:granite":6,"minecraft:chainmail_helmet":24,"minecraft:coal":21,"minecraft:stick":68,"minecraft:gray_wool":1,"minecraft:diorite":7,"minecraft:torch":2,"minecraft:iron_leggings":11,"minecraft:oak_stairs":51,"minecraft:iron_axe":6,"minecraft:paper":7,"minecraft:chainmail_leggings":15,"minecraft:iron_shovel":4,"minecraft:string":201,"minecraft:spruce_sapling":8,"minecraft:dandelion":5,"minecraft:oak_trapdoor":8,"minecraft:stone_sword":1,"minecraft:raw_copper":9,"minecraft:tuff":3,"minecraft:raw_iron":15,"minecraft:stone_shovel":1,"minecraft:iron_boots":1,"minecraft:stone_slab":2,"minecraft:cobblestone_slab":3,"minecraft:potato":1,"minecraft:shield":3,"minecraft:spruce_trapdoor":1,"minecraft:spruce_planks":2,"minecraft:diamond_pickaxe":1,"minecraft:iron_chestplate":2,"minecraft:andesite":2,"minecraft:oak_sapling":15,"minecraft:oak_boat":1,"minecraft:bow":61,"minecraft:stone_pickaxe":3,"minecraft:wooden_pickaxe":4,"minecraft:calcite":2},"minecraft:crafted":{"minecraft:grindstone":1,"minecraft:smooth_stone":3,"minecraft:oak_planks":1568,"minecraft:chainmail_helmet":17,"minecraft:cooked_chicken":7,"minecraft:stone":6,"minecraft:lever":3,"minecraft:diamond_shovel":8,"minecraft:bookshelf":24,"minecraft:cooked_mutton":11,"minecraft:glass":8,"minecraft:diamond_helmet":1,"minecraft:diamond_leggings":1,"minecraft:bow":37,"minecraft:iron_boots":1,"minecraft:chest":4,"minecraft:oak_slab":24,"minecraft:arrow":52,"minecraft:emerald":985,"minecraft:diamond_axe":2,"minecraft:crafting_table":3,"minecraft:spruce_planks":1000,"minecraft:wooden_pickaxe":1,"minecraft:baked_potato":116,"minecraft:iron_helmet":1,"minecraft:fletching_table":6,"minecraft:spruce_trapdoor":14,"minecraft:lectern":4,"minecraft:book":8,"minecraft:paper":777,"minecraft:charcoal":32,"minecraft:iron_chestplate":1,"minecraft:diamond_pickaxe":1,"minecraft:shield":1,"minecraft:stick":4316,"minecraft:stone_slab":6,"minecraft:iron_ingot":222,"minecraft:compass":7,"minecraft:iron_pickaxe":2,"minecraft:iron_block":6,"minecraft:stone_sword":1,"minecraft:gold_ingot":9,"minecraft:shears":1,"minecraft:stone_shovel":1,"minecraft:tripwire_hook":6,"minecraft:furnace":3,"minecraft:blast_furnace":1,"minecraft:bone_meal":6,"minecraft:oak_trapdoor":4,"minecraft:flint_and_steel":1,"minecraft:lantern":8,"minecraft:iron_axe":6,"minecraft:iron_hoe":1,"minecraft:stone_pickaxe":2,"minecraft:diamond_boots":1,"minecraft:spruce_sapling":4,"minecraft:chainmail_leggings":12,"minecraft:minecart":1,"minecraft:wheat":81,"minecraft:cooked_beef":6,"minecraft:diamond_sword":1,"minecraft:enchanting_table":1,"minecraft:iron_sword":1,"minecraft:bucket":1,"minecraft:stone_axe":72,"minecraft:enchanted_book":6,"minecraft:bread":34,"minecraft:air":0,"minecraft:oak_boat":4,"minecraft:iron_shovel":4,"minecraft:iron_leggings":11,"minecraft:anvil":2,"minecraft:white_bed":2,"minecraft:torch":4,"minecraft:diamond_chestplate":1},"minecraft:picked_up":{"minecraft:iron_chestplate":2,"minecraft:wheat":40,"minecraft:stone_slab":8,"minecraft:smithing_table":1,"minecraft:lead":4,"minecraft:oak_stairs":176,"minecraft:brewing_stand":2,"minecraft:amethyst_block":2,"minecraft:string":13718,"minecraft:raw_copper":182,"minecraft:iron_leggings":1,"minecraft:beetroot":6,"minecraft:deepslate_tiles":2,"minecraft:spruce_planks":8,"minecraft:cobbled_deepslate":173,"minecraft:bucket":1,"minecraft:cobblestone_slab":2,"minecraft:calcite":2,"minecraft:furnace":3,"minecraft:iron_boots":1,"minecraft:stick":92,"minecraft:composter":2,"minecraft:oak_fence":63,"minecraft:torch":27,"minecraft:diorite":7,"minecraft:rotten_flesh":16,"minecraft:tropical_fish":1,"minecraft:obsidian":17,"minecraft:cod":3,"minecraft:cobblestone":758,"minecraft:magma_block":2,"minecraft:feather":6,"minecraft:cooked_beef":5,"minecraft:andesite":2,"minecraft:smoker":1,"minecraft:potato":521,"minecraft:flint":18,"minecraft:tuff":28,"minecraft:dirt":640,"minecraft:lapis_lazuli":68,"minecraft:bone":3,"minecraft:bow":25,"minecraft:stonecutter":2,"minecraft:wheat_seeds":193,"minecraft:raw_gold":18,"minecraft:bell":4,"minecraft:grindstone":1,"minecraft:fletching_table":42,"minecraft:oak_planks":252,"minecraft:poisonous_potato":1,"minecraft:oak_pressure_plate":1,"minecraft:sand":56,"minecraft:stripped_spruce_log":12,"minecraft:mossy_cobblestone":43,"minecraft:iron_hoe":1,"minecraft:yellow_carpet":4,"minecraft:diamond":12,"minecraft:lever":2,"minecraft:granite":6,"minecraft:chainmail_helmet":7,"minecraft:oak_sapling":81,"minecraft:diamond_pickaxe":2,"minecraft:crafting_table":9,"minecraft:chicken":10,"minecraft:wooden_pickaxe":3,"minecraft:shield":4,"minecraft:oak_trapdoor":32,"minecraft:iron_axe":1,"minecraft:flint_and_steel":1,"minecraft:compass":6,"minecraft:white_carpet":4,"minecraft:iron_shovel":1,"minecraft:beef":6,"minecraft:oak_boat":14,"minecraft:poppy":6,"minecraft:lectern":193,"minecraft:minecart":12,"minecraft:sugar_cane":1249,"minecraft:spruce_trapdoor":3,"minecraft:egg":5,"minecraft:raw_iron":101,"minecraft:oak_door":4,"minecraft:carrot":73,"minecraft:redstone":58,"minecraft:arrow":69,"minecraft:beetroot_seeds":26,"minecraft:hay_block":9,"minecraft:mutton":22,"minecraft:rail":560,"minecraft:white_wool":8,"minecraft:oxeye_daisy":1,"minecraft:stripped_oak_log":9,"minecraft:tripwire_hook":2,"minecraft:leather":12,"minecraft:oak_log":378,"minecraft:yellow_bed":2,"minecraft:gunpowder":9,"minecraft:cobblestone_stairs":20,"minecraft:cooked_mutton":11,"minecraft:apple":12,"minecraft:stone_pickaxe":1,"minecraft:iron_ingot":28,"minecraft:oak_fence_gate":4,"minecraft:iron_sword":1,"minecraft:book":11,"minecraft:oak_slab":16,"minecraft:dandelion":5,"minecraft:gravel":124,"minecraft:spruce_sapling":48,"minecraft:blast_furnace":5,"minecraft:white_bed":4,"minecraft:spruce_log":611,"minecraft:spider_eye":1,"minecraft:stone_axe":9,"minecraft:chainmail_leggings":3,"minecraft:iron_helmet":1,"minecraft:gray_wool":1,"minecraft:baked_potato":19,"minecraft:coal":55},"minecraft:custom":{"minecraft:interact_with_crafting_table":92,"minecraft:bell_ring":41,"minecraft:leave_game":6,"minecraft:time_since_death":314861,"minecraft:sprint_one_cm":1172776,"minecraft:damage_blocked_by_shield":1770,"minecraft:drop":548,"minecraft:talked_to_villager":1702,"minecraft:play_time":432240,"minecraft:deaths":1,"minecraft:jump":9160,"minecraft:walk_on_water_one_cm":130063,"minecraft:enchant_item":8,"minecraft:interact_with_furnace":108,"minecraft:traded_with_villager":1213,"minecraft:sleep_in_bed":27,"minecraft:damage_dealt":12829,"minecraft:crouch_one_cm":71443,"minecraft:interact_with_smoker":6,"minecraft:interact_with_smithing_table":2,"minecraft:interact_with_anvil":12,"minecraft:mob_kills":72,"minecraft:climb_one_cm":732,"minecraft:walk_one_cm":1119277,"minecraft:sneak_time":18375,"minecraft:walk_under_water_one_cm":46522,"minecraft:boat_one_cm":63518,"minecraft:interact_with_blast_furnace":2,"minecraft:total_world_time":432240,"minecraft:interact_with_grindstone":6,"minecraft:interact_with_stonecutter":6,"minecraft:time_since_rest":13821,"minecraft:damage_taken":2379,"minecraft:swim_one_cm":124019,"minecraft:fly_one_cm":1605725,"minecraft:open_chest":237,"minecraft:fall_one_cm":143561},"minecraft:used":{"minecraft:beetroot":6,"minecraft:iron_shovel":245,"minecraft:chest":4,"minecraft:shield":29,"minecraft:iron_sword":173,"minecraft:bell":3,"minecraft:rotten_flesh":6,"minecraft:carrot":60,"minecraft:tuff":25,"minecraft:stripped_spruce_log":3,"minecraft:obsidian":10,"minecraft:iron_helmet":2,"minecraft:magma_block":2,"minecraft:bow":19,"minecraft:furnace":5,"minecraft:oak_sapling":31,"minecraft:egg":1,"minecraft:potato":223,"minecraft:stone_pickaxe":94,"minecraft:oak_planks":140,"minecraft:wooden_pickaxe":13,"minecraft:sugar_cane":274,"minecraft:diamond_axe":1683,"minecraft:sand":7,"minecraft:blast_furnace":6,"minecraft:shears":5,"minecraft:deepslate_tiles":28,"minecraft:lever":5,"minecraft:bread":28,"minecraft:string":16,"minecraft:lectern":195,"minecraft:gravel":119,"minecraft:diamond_sword":7,"minecraft:grindstone":2,"minecraft:smithing_table":2,"minecraft:oak_boat":13,"minecraft:bone_meal":6,"minecraft:oak_trapdoor":29,"minecraft:enchanting_table":1,"minecraft:stone_sword":114,"minecraft:flint_and_steel":1,"minecraft:tropical_fish":1,"minecraft:stone_shovel":47,"minecraft:spruce_planks":87,"minecraft:cooked_chicken":7,"minecraft:torch":23,"minecraft:dirt":1055,"minecraft:anvil":2,"minecraft:iron_hoe":252,"minecraft:bookshelf":20,"minecraft:iron_axe":251,"minecraft:iron_boots":1,"minecraft:tripwire_hook":8,"minecraft:minecart":12,"minecraft:cooked_beef":6,"minecraft:cobbled_deepslate":2,"minecraft:wheat_seeds":66,"minecraft:cooked_mutton":5,"minecraft:water_bucket":63,"minecraft:baked_potato":46,"minecraft:fletching_table":48,"minecraft:stonecutter":2,"minecraft:cobblestone_slab":2,"minecraft:rail":536,"minecraft:oak_slab":9,"minecraft:crafting_table":11,"minecraft:white_bed":6,"minecraft:cod":1,"minecraft:spruce_log":26,"minecraft:smoker":1,"minecraft:oak_log":50,"minecraft:diamond_pickaxe":1281,"minecraft:diamond_shovel":300,"minecraft:iron_pickaxe":371,"minecraft:stone_slab":9,"minecraft:spruce_trapdoor":16,"minecraft:spruce_sapling":44,"minecraft:stone_axe":92,"minecraft:cobblestone":253,"minecraft:bucket":64,"minecraft:yellow_bed":2,"minecraft:stripped_oak_log":8},"minecraft:broken":{"minecraft:iron_sword":1,"minecraft:iron_hoe":1,"minecraft:iron_axe":1,"minecraft:iron_pickaxe":1}},"DataVersion":3463}