{"stats":{"minecraft:killed":{"minecraft:sheep":1},"minecraft:custom":{"minecraft:jump":38,"minecraft:time_since_rest":778,"minecraft:damage_dealt":80,"minecraft:leave_game":1,"minecraft:sprint_one_cm":1234,"minecraft:play_time":778,"minecraft:time_since_death":778,"minecraft:walk_one_cm":3015,"minecraft:total_world_time":778,"minecraft:mob_kills":1,"minecraft:fall_one_cm":1939,"minecraft:fly_one_cm":13411},"minecraft:picked_up":{"minecraft:mutton":2,"minecraft:wheat_seeds":2,"minecraft:white_wool":1},"minecraft:mined":{"minecraft:tall_grass":2,"minecraft:short_grass":3,"minecraft:sunflower":1}},"DataVersion":3700}