{"stats":{"minecraft:picked_up":{"minecraft:oak_log":2,"minecraft:wheat_seeds":2,"minecraft:dirt":3},"minecraft:mined":{"minecraft:short_grass":1,"minecraft:tall_grass":12,"minecraft:grass_block":1,"minecraft:oak_log":2,"minecraft:oak_leaves":1},"minecraft:dropped":{"minecraft:dirt":3,"minecraft:wheat_seeds":2},"minecraft:custom":{"minecraft:jump":22,"minecraft:leave_game":1,"minecraft:time_since_rest":3605,"minecraft:crouch_one_cm":13,"minecraft:sprint_one_cm":1874,"minecraft:play_time":3605,"minecraft:time_since_death":3605,"minecraft:walk_one_cm":1282,"minecraft:sneak_time":58,"minecraft:total_world_time":3605,"minecraft:fall_one_cm":418,"minecraft:drop":5,"minecraft:fly_one_cm":13326}},"DataVersion":3700}